{"v":"5.1.3","fr":30,"ip":0,"op":40,"w":128,"h":128,"nm":"Comp 1","ddd":0,"assets":[],"layers":[{"ddd":0,"ind":1,"ty":4,"nm":"Heart","sr":1,"ks":{"o":{"a":1,"k":[{"i":{"x":[0.591],"y":[0.928]},"o":{"x":[0.249],"y":[0.033]},"n":["0p591_0p928_0p249_0p033"],"t":0,"s":[0],"e":[100]},{"i":{"x":[0.833],"y":[1]},"o":{"x":[0.254],"y":[30.68]},"n":["0p833_1_0p254_30p68"],"t":4,"s":[100],"e":[100]},{"i":{"x":[0.833],"y":[1]},"o":{"x":[0.167],"y":[0]},"n":["0p833_1_0p167_0"],"t":31.281,"s":[100],"e":[0]},{"t":33.7841796875}],"ix":11},"r":{"a":0,"k":0,"ix":10},"p":{"a":0,"k":[64,63.89,0],"ix":2},"a":{"a":0,"k":[256,256,0],"ix":1},"s":{"a":1,"k":[{"i":{"x":[0.667,0.667,0.667],"y":[1,1,1]},"o":{"x":[0.167,0.167,0.167],"y":[0.167,0.167,-0.152]},"n":["0p667_1_0p167_0p167","0p667_1_0p167_0p167","0p667_1_0p167_-0p152"],"t":0,"s":[11,11,100],"e":[24,24,100]},{"i":{"x":[0.833,0.833,0.833],"y":[0.833,0.833,4.03]},"o":{"x":[0.333,0.333,0.333],"y":[0,0,0]},"n":["0p833_0p833_0p333_0","0p833_0p833_0p333_0","0p833_4p03_0p333_0"],"t":7,"s":[24,24,100],"e":[20,20,100]},{"i":{"x":[0.667,0.667,0.667],"y":[1,1,1]},"o":{"x":[0.167,0.167,0.167],"y":[0,0,1.515]},"n":["0p667_1_0p167_0","0p667_1_0p167_0","0p667_1_0p167_1p515"],"t":14,"s":[20,20,100],"e":[20,20,100]},{"i":{"x":[0.833,0.833,0.833],"y":[0.833,0.833,1]},"o":{"x":[0.333,0.333,0.333],"y":[0,0,0]},"n":["0p833_0p833_0p333_0","0p833_0p833_0p333_0","0p833_1_0p333_0"],"t":30.965,"s":[20,20,100],"e":[0,0,100]},{"t":36}],"ix":6}},"ao":0,"ef":[{"ty":25,"nm":"Drop Shadow","np":8,"mn":"ADBE Drop Shadow","ix":1,"en":1,"ef":[{"ty":2,"nm":"Shadow Color","mn":"ADBE Drop Shadow-0001","ix":1,"v":{"a":0,"k":[0,0,0,1],"ix":1}},{"ty":0,"nm":"Opacity","mn":"ADBE Drop Shadow-0002","ix":2,"v":{"a":0,"k":38.25,"ix":2}},{"ty":0,"nm":"Direction","mn":"ADBE Drop Shadow-0003","ix":3,"v":{"a":0,"k":180,"ix":3}},{"ty":0,"nm":"Distance","mn":"ADBE Drop Shadow-0004","ix":4,"v":{"a":0,"k":0,"ix":4}},{"ty":0,"nm":"Softness","mn":"ADBE Drop Shadow-0005","ix":5,"v":{"a":0,"k":150,"ix":5}},{"ty":7,"nm":"Shadow Only","mn":"ADBE Drop Shadow-0006","ix":6,"v":{"a":0,"k":0,"ix":6}}]}],"shapes":[{"ty":"gr","it":[{"ind":0,"ty":"sh","ix":1,"ks":{"a":0,"k":{"i":[[70.624,0],[19.24,-20.08],[40.924,0],[0,-70.394],[-59.171,-48.481],[-22.141,-26.341],[-5.726,0],[0,0],[-3.742,4.352],[-28.021,22.905],[0,77.647]],"o":[[-40.923,0],[-19.164,-20.08],[-70.623,0],[0,77.647],[27.944,22.905],[3.742,4.352],[0,0],[5.803,0],[22.217,-26.341],[59.17,-48.481],[0,-70.394]],"v":[[95.131,-187.819],[-0.077,-138.573],[-95.132,-187.819],[-215,-68.256],[-94.597,108.035],[-15.576,180.949],[-0.611,187.82],[0.534,187.82],[15.499,180.949],[94.597,108.035],[215,-68.256]],"c":true},"ix":2},"nm":"Path 1","mn":"ADBE Vector Shape - Group","hd":false},{"ty":"fl","c":{"a":0,"k":[1,1,1,1],"ix":4},"o":{"a":0,"k":100,"ix":5},"r":1,"nm":"Fill 1","mn":"ADBE Vector Graphic - Fill","hd":false},{"ty":"tr","p":{"a":0,"k":[256,256.5],"ix":2},"a":{"a":0,"k":[0,0],"ix":1},"s":{"a":0,"k":[100,100],"ix":3},"r":{"a":0,"k":0,"ix":6},"o":{"a":0,"k":100,"ix":7},"sk":{"a":0,"k":0,"ix":4},"sa":{"a":0,"k":0,"ix":5},"nm":"Transform"}],"nm":"Group 1","np":2,"cix":2,"ix":1,"mn":"ADBE Vector Group","hd":false}],"ip":0,"op":40,"st":0,"bm":0}],"markers":[]}